{"FID": 7.140525326576608e-08, "IS": 0.9999998807907104, "images": {"_type": "images/separated", "width": 256, "height": 256, "format": "png", "count": 4, "filenames": ["media/images/images_0_b647a3c71d23d29e4744.png", "media/images/images_0_192460ccffa58f43a7bd.png", "media/images/images_0_38b18798a3e3846b9926.png", "media/images/images_0_006fabe268801b814b19.png"], "captions": ["Real Image", "Sketch", "Fake Sketch", "Fake Image"]}, "_timestamp": 1713234162.6307595, "_runtime": 16.627533435821533, "_step": 0, "_wandb": {"runtime": 23}}