{"dloss": 0.04080215469002724, "gloss": 23.285146713256836, "images": {"_type": "images/separated", "width": 256, "height": 256, "format": "png", "count": 4, "filenames": ["media/images/images_0_055bb2b3f858537dd2e5.png", "media/images/images_0_83bea0e9df72c38633c9.png", "media/images/images_0_dd3a3c02c7cc43a1b1d0.png", "media/images/images_0_73cf30b68ce788d376eb.png"], "captions": ["Real Image", "Sketch", "Fake Sketch", "Fake Image"]}, "_timestamp": 1713233749.7309299, "_runtime": 68.95854496955872, "_step": 0, "_wandb": {"runtime": 68}}