{"dloss": 0.0485856793820858, "gloss": 22.208417892456055, "images": {"_type": "images/separated", "width": 256, "height": 256, "format": "png", "count": 4, "filenames": ["media/images/images_0_630f439e039d7edd1e19.png", "media/images/images_0_793cb4ab893df3fe6268.png", "media/images/images_0_983f7036e0d082c7deb5.png", "media/images/images_0_30ed25a2bebab74ad1f3.png"], "captions": ["Real Image", "Sketch", "Fake Sketch", "Fake Image"]}, "_timestamp": 1713233863.7617848, "_runtime": 62.57021975517273, "_step": 0, "_wandb": {"runtime": 191}}